,,Test AUCs,,All AUCs are mean of 100-sample bootstrap
Number,Protein,DeepBind,Jolma et al.,Sexus
1,Alx1_DBD_TAAAGC20NCG_3_Z,0.9710,0.9153,0.0000
2,ALX3_DBD_TGTAAA20NAAG_2_Z,0.8600,0.7665,0.0000
3,ALX3_FL_TGCAAG20NGA_2_AE,0.6120,0.5391,0.0000
4,Alx4_DBD_TGGTAG20NCG_2_P,0.8810,0.7285,0.0000
5,ALX4_DBD_TGTGTC20NGA_2_W,0.8530,0.7076,0.0000
6,ARNTL_DBD_TCAAAA20NCG_3_W,0.5150,0.5039,0.0000
7,Arx_DBD_TCGCAT20NACT_2_AC,0.6450,0.5475,0.0000
8,ARX_DBD_TGCGTT20NTGC_2_Z,0.9170,0.7893,0.0000
9,Ar_DBD_TCTAAT20NCG_4_P,0.9370,0.8358,0.0000
10,AR_DBD_TGCTCG20NGA_3_AF,0.5820,0.5305,0.0000
11,AR_FL_TCTTCT20NCTG_4_AD,0.6320,0.5899,0.0000
12,Ascl2_DBD_TAGGGC20NCG_4_Z,0.5880,0.5302,0.0000
13,Atf4_DBD_TGCCGC20NGA_4_Z,0.8220,0.7198,0.0000
14,ATF4_DBD_TGGAAT20NGA_3_W,0.5340,0.5216,0.0000
15,ATF7_DBD_TGGGCG30NCGT_4_AI,0.6510,0.5646,0.0000
16,Atoh1_DBD_TAGTCC20NCTT_3_Z,0.5110,0.5077,0.0000
17,Barhl1_DBD_TCAGTC20NCG_2_AC,0.7280,0.6100,0.0000
18,Barhl1_DBD_TCAGTC20NCG_3_AC,0.9400,0.8221,0.0000
19,BARHL2_DBD_TATTGT20NGTG_2_AC,0.6470,0.5823,0.0000
20,BARHL2_DBD_TATTGT20NGTG_3_AC,0.8860,0.7712,0.0000
21,BARHL2_FL_TCCAGT40NGAC_3_AI,0.6990,0.6210,0.0000
22,BARHL2_FL_TCCAGT40NGAC_4_AI,0.8600,0.7391,0.0000
23,BARX1_DBD_TATTCG20NCTG_3_AC,0.8180,0.6997,0.0000
24,BATF3_DBD_TAAGAC20NAGA_4_AC,0.5740,0.5131,0.0000
25,BCL6B_DBD_TGCGGG20NGA_4_AC,0.6340,0.5602,0.0000
26,BHLHA15_DBD_TCCGTG20NCG_4_Y,0.7970,0.6828,0.0000
27,Bhlhb2_DBD_TCAAGG20NGAA_2_Z,0.7280,0.6254,0.0000
28,BHLHB2_DBD_TGGGAC20NGA_2_Y,0.6810,0.6060,0.0000
29,BHLHB3_FL_TCAAAA20NCG_2_AD,0.8540,0.7323,0.0000
30,BHLHE22_DBD_TCTTGA20NGTG_3_Y,0.8160,0.7386,0.0000
31,BHLHE23_DBD_TATATC20NCG_4_Y,0.5570,0.5296,0.0000
32,BHLHE41_FL_TGTGCT20NCGG_3_AD,0.8610,0.7439,0.0000
33,BSX_DBD_TATGAA20NCG_3_Y,0.8900,0.7897,0.0000
34,CART1_DBD_TGCGCC20NGA_2_Y,0.8730,0.7409,0.0000
35,CDX1_DBD_TCAACC20NCAA_3_Y,0.6520,0.5644,0.0000
36,CDX2_DBD_TACTTG20NCG_4_Y,0.6040,0.5404,0.0000
37,Cebpb_DBD_TCCTAA20NATC_2_Z,0.8920,0.7942,0.0000
38,CEBPB_DBD_TGGACA20NGA_2_W,0.8880,0.7881,0.0000
39,CEBPB_FL_TCAACC20NCAA_4_W,0.5530,0.5329,0.0000
40,CEBPD_DBD_TAATGA20NCG_3_Y,0.9190,0.8354,0.0000
41,CEBPE_DBD_TGAGGC20NGA_2_W,0.5950,0.5592,0.0000
42,CEBPG_DBD_TAGACG20NTA_2_Q,0.8980,0.7744,0.0000
43,CEBPG_FL_TAAAAT20NCG_2_AC,0.6830,0.6007,0.0000
44,CENPB_FL_TGCTGT20NGTC_3_AD,0.8150,0.6990,0.0000
45,CLOCK_DBD_TGAGAT20NAGA_3_Z,0.5390,0.5072,0.0000
46,CPEB1_FL_TAACCC20NCG_3_AC,0.6640,0.5518,0.0000
47,CREB3L1_DBD_TAAACA20NCAA_4_Y,0.8030,0.6710,0.0000
48,CREB3L1_FL_TAGAGT20NCG_4_AD,0.9780,0.8509,0.0000
49,Creb3l2_DBD_TAACGG20NGCA_4_Z,0.6410,0.5558,0.0000
50,CREB3_FL_TAGAAC20NCG_4_AD,0.6700,0.5820,0.0000
51,Creb5_DBD_TATCGC20NCG_3_Z,0.6690,0.5908,0.0000
52,CTCF_FL_TAGCGA20NGCT_4_AJ,0.9380,0.7921,0.0000
53,CUX1_DBD_TAGCAG40NACT_3_AI,0.9740,0.9150,0.0000
54,CUX2_DBD_TAGCCT40NCCT_3_AI,0.9310,0.7833,0.0000
55,Dbp_DBD_TAAATG20NCG_2_Z,0.7810,0.6676,0.0000
56,DBP_DBD_TAACTT20NCG_2_W,0.9160,0.8099,0.0000
57,DBP_FL_TGCGGG20NGGC_2_AE,0.8970,0.7824,0.0000
58,DLX1_DBD_TCTTGA20NGA_4_AC,0.7590,0.5794,0.0000
59,Dlx1_DBD_TGAGAT20NCG_2_P,0.7480,0.6279,0.0000
60,Dlx2_DBD_TCGCCA20NCCT_3_AA,0.9030,0.7671,0.0000
61,DLX2_DBD_TTCATG20NTA_2_AF,0.6700,0.6001,0.0000
62,DLX3_DBD_TATGTT20NCG_2_Y,0.7320,0.6250,0.0000
63,DLX4_DBD_TCTTCT20NGA_3_AC,0.6850,0.5902,0.0000
64,DLX5_FL_AGGGC14N_3_S,0.6700,0.5554,0.0000
65,DLX6_DBD_TGCGGG20NGA_3_Y,0.7030,0.6174,0.0000
66,DMBX1_DBD_TAACCC20NCCA_4_AC,0.5690,0.5373,0.0000
67,DPRX_DBD_TCGAAG30NAAT_2_AI,0.6000,0.5428,0.0000
68,DRGX_DBD_TCCCTC20NCG_2_Y,0.8970,0.7513,0.0000
69,DUXA_DBD_TTCACA20NTA_2_AF,0.5880,0.5474,0.0000
70,E2F1_DBD_CAATT14N_4_U,0.6720,0.5815,0.0000
71,E2F2_DBD_TACTCA20NCG_4_W,0.5130,0.5073,0.0000
72,E2F3_DBD_TTACAT20NACA_4_AF,0.9380,0.7611,0.0000
73,E2F4_DBD_AGCAG14N_4_U,0.5310,0.5049,0.0000
74,E2F7_DBD_TCACAC20NACA_4_Y,0.8750,0.5050,0.0000
75,E2F8_DBD_GGCTT14N_4_U,0.5230,0.5078,0.0000
76,EBF1_FL_TATAAG20NCG_3_AC,0.5490,0.5020,0.0000
77,EGR1_DBD_TCTCTT20NGA_2_Y,0.5680,0.5303,0.0000
78,Egr1_DBD_TGCGCC20NCG_4_P,0.6750,0.5283,0.0000
79,EGR1_FL_TACTAT20NATC_4_AA,0.5210,0.5017,0.0000
80,EGR2_DBD_TCGGCC20NGA_3_W,0.5430,0.5166,0.0000
81,EGR2_FL_TCATCA20NCTA_2_W,0.5870,0.5348,0.0000
82,Egr3_DBD_TCATGC20NGTA_3_Z,0.5500,0.5283,0.0000
83,EGR3_DBD_TTAAGA20NGAA_3_AF,0.5460,0.5088,0.0000
84,EGR4_DBD_TAGCGA40NGCT_4_AI,0.6560,0.5259,0.0000
85,ELF1_DBD_TGGGTA20NGA_7_O,0.9750,0.9173,0.0000
86,ELF1_FL_TATGGG20NCG_4_W,0.5010,0.5012,0.0000
87,ELF3_DBD_TCCGTG20NTGC_3_Y,0.6400,0.5876,0.0000
88,Elf5_DBD_TATTGT20NCG_2_Z,0.6880,0.6539,0.0000
89,ELF5_DBD_TGCCGC20NCG_2_V,0.6580,0.6064,0.0000
90,ELF5_FL_TCTCGG20NGA_2_AF,0.6080,0.5911,0.0000
91,ELK1_DBD_TCGGAA20NAGT_2_AG,0.7500,0.6551,0.0000
92,ELK1_FL_TGAGTG20NTGA_2_AG,0.5810,0.5437,0.0000
93,ELK1_FL_TGAGTG20NTGA_3_AG,0.8910,0.7675,0.0000
94,ELK3_DBD_TCGGGG20NGGT_2_AG,0.6550,0.5830,0.0000
95,Elk3_DBD_TGAGTG20NTGA_3_AC,0.6260,0.5695,0.0000
96,ELK4_DBD_TAGGGC40NGGT_3_AK,0.6490,0.6202,0.0000
97,EMX1_DBD_TCGCAT30NACT_3_AI,0.6550,0.5774,0.0000
98,EMX2_DBD_TGGTTC30NTTT_4_AI,0.7740,0.7109,0.0000
99,EN1_DBD_TGTAGG20NGA_3_Y,0.5720,0.5310,0.0000
100,EN1_FL_TGACCT20NCCA_3_W,0.6200,0.5603,0.0000
101,EN1_FL_TGACCT20NCCA_4_W,0.7060,0.6104,0.0000
102,En2_DBD_TCAGCT20NCG_4_Z,0.7340,0.6396,0.0000
103,EN2_DBD_TTGAGG20NGA_3_R,0.6480,0.5718,0.0000
104,EN2_FL_TGCCAT20NGA_3_AE,0.5740,0.5488,0.0000
105,EOMES_DBD_TGTAAA30NAAG_3_AI,0.8700,0.7971,0.0000
106,ERF_DBD_TCAGAG20NCG_4_W,0.5460,0.5136,0.0000
107,ERG_DBD_TCTACA20NCAG_2_AG,0.6380,0.5778,0.0000
108,ERG_DBD_TCTACA20NCAG_3_AG,0.9290,0.8171,0.0000
109,ERG_FL_TGCAAG20NAAC_2_AG,0.5940,0.5302,0.0000
110,ERG_FL_TGCAAG20NAAC_3_AG,0.8460,0.7199,0.0000
111,ESR1_DBD_TAGAGT20NCG_4_W,0.5150,0.5092,0.0000
112,Esrra_DBD_TAGCTC20NCG_4_AC,0.8420,0.6847,0.0000
113,ESRRA_DBD_TGACGA30NGCA_4_AI,0.9050,0.8033,0.0000
114,ESRRB_DBD_ATTAC14N_4_U,0.5820,0.5334,0.0000
115,ESRRG_FL_TGACGA20NGCA_4_AF,0.7890,0.6666,0.0000
116,ESX1_DBD_TCTCGG20NGA_2_AC,0.8450,0.7330,0.0000
117,ESX1_FL_TCTTCT20NGA_2_AE,0.8610,0.7787,0.0000
118,ETS1_DBD_TGTACC30NCAG_2_AI,0.5090,0.5160,0.0000
119,ETS1_DBD_TGTACC30NCAG_3_AI,0.7440,0.6587,0.0000
120,ETS1_FL_TGTAAA20NGA_2_AF,0.5490,0.5336,0.0000
121,ETS1_FL_TGTAAA20NGA_3_AF,0.7300,0.6358,0.0000
122,ETV1_DBD_TCGTTA20NTTT_2_AG,0.6130,0.5758,0.0000
123,ETV2_DBD_TGGAGC20NGAT_3_AK,0.7740,0.6876,0.0000
124,ETV3_DBD_TCAGGA20NCG_4_W,0.5480,0.5245,0.0000
125,ETV4_DBD_TCTATG20NTAG_2_AG,0.5980,0.5648,0.0000
126,ETV5_DBD_TGCACT20NGA_2_AF,0.7090,0.6457,0.0000
127,ETV6_FL_TGAGTG20NGA_3_AF,0.6990,0.6221,0.0000
128,EVX1_DBD_TGGGAC20NAGT_3_Z,0.7800,0.6788,0.0000
129,EVX2_DBD_TCAAGG20NGAA_3_Y,0.8860,0.8009,0.0000
130,FEV_DBD_TGATCC20NCTA_3_Z,0.7680,0.6979,0.0000
131,FIGLA_DBD_AGATA14N_4_U,0.5520,0.5270,0.0000
132,FLI1_DBD_TCTAAT20NCG_2_V,0.8080,0.7058,0.0000
133,FLI1_DBD_TCTAAT20NCG_3_V,0.9450,0.8605,0.0000
134,FLI1_FL_TAGGAT20NAGT_3_AC,0.7730,0.6751,0.0000
135,FLI1_FL_TAGGAT20NAGT_4_AC,0.9430,0.8512,0.0000
136,FOXB1_DBD_TGAGCA30NCGA_3_AI,0.5780,0.5272,0.0000
137,FOXB1_FL_TCTGGT20NGGG_4_AE,0.5280,0.5146,0.0000
138,Foxc1_DBD_CCCCT14N_4_T,0.5620,0.5129,0.0000
139,FOXC1_DBD_TGAGGC30NGGA_3_AI,0.6980,0.5888,0.0000
140,FOXC2_DBD_TGAGTG30NTGA_3_AI,0.7970,0.6575,0.0000
141,FOXD2_DBD_TGCTCG20NCTC_2_Z,0.6000,0.5239,0.0000
142,FOXD3_DBD_TGGGGT20NGGT_3_Z,0.7450,0.5802,0.0000
143,Foxg1_DBD_TATCTG20NTCG_4_AF,0.8010,0.6214,0.0000
144,FOXG1_DBD_TGGTTC20NGA_4_AA,0.5070,0.5050,0.0000
145,FOXI1_FL_TCGGAA20NGA_4_AF,0.5650,0.5259,0.0000
146,FOXJ2_DBD_TGACGA20NGA_2_W,0.5690,0.5308,0.0000
147,FOXJ2_DBD_TGACGA20NGA_3_W,0.7960,0.6224,0.0000
148,Foxj3_DBD_TAAACA20NCAA_3_AF,0.5540,0.5265,0.0000
149,Foxj3_DBD_TAAACA20NCAA_4_AF,0.8470,0.6792,0.0000
150,FOXJ3_DBD_TAGTGG20NGTT_4_AC,0.5230,0.5104,0.0000
151,FOXK1_DBD_GACAG14N_4_S,0.5600,0.5228,0.0000
152,Foxk1_DBD_TGGGTA20NCG_4_Q,0.6520,0.5190,0.0000
153,FOXL1_FL_TGCTCG20NCTC_2_W,0.6560,0.5525,0.0000
154,FOXO1_DBD_TTCAGC20NTA_3_AF,0.5350,0.5224,0.0000
155,FOXO3_FL_TGTTGC20NGTG_4_W,0.5880,0.5395,0.0000
156,FOXO4_DBD_TGACTC20NGA_3_AC,0.5720,0.5257,0.0000
157,FOXO6_DBD_TCGTGT30NGTT_3_AH,0.6420,0.5536,0.0000
158,FOXO6_DBD_TCGTGT30NGTT_4_AH,0.7330,0.5655,0.0000
159,FOXP3_DBD_TCAATT20NTAA_4_Y,0.4990,0.5034,0.0000
160,GABPA_FL_TGGCCC20NCCT_4_AG,0.5450,0.5140,0.0000
161,GATA3_DBD_TGTCGT20NGA_2_AC,0.5250,0.5133,0.0000
162,GATA3_FL_TCATGC20NCG_2_AC,0.5150,0.5174,0.0000
163,GATA4_DBD_TAAAAT20NAAA_2_Y,0.5810,0.5491,0.0000
164,GATA5_DBD_TAAATG20NTAA_2_Y,0.5910,0.5552,0.0000
165,GBX1_DBD_TAGTCC20NCG_4_Y,0.9930,0.9555,0.0000
166,Gbx1_DBD_TCGGTT20NCG_2_Q,0.6930,0.5792,0.0000
167,Gbx2_DBD_TACACC20NCAC_3_Z,0.5230,0.5149,0.0000
168,GBX2_DBD_TCCCGA20NGCC_3_Y,0.8340,0.6925,0.0000
169,GBX2_FL_TGATTT20NGA_2_AE,0.4970,0.5106,0.0000
170,GCM1_DBD_TGAGCA20NCGA_4_Y,0.9490,0.8835,0.0000
171,GCM1_FL_TCCAGT20NGAC_4_AE,0.8410,0.7152,0.0000
172,GCM2_DBD_TGACTC20NTCA_3_Y,0.6490,0.5975,0.0000
173,GLI2_DBD_TAAGTA40NTGA_3_AI,0.7790,0.6703,0.0000
174,GLIS1_DBD_TTCGGT20NGA_4_R,0.7310,0.6105,0.0000
175,GLIS2_DBD_TACTAT20NATC_3_Y,0.5580,0.5219,0.0000
176,GLIS3_DBD_TCGCAT20NGA_4_O,0.9880,0.9410,0.0000
177,GMEB2_DBD_TCGCGC20NGA_4_Y,0.5600,0.5225,0.0000
178,GMEB2_DBD_TGGATG20NGA_3_O,0.7950,0.6670,0.0000
179,GMEB2_DBD_TGGATG20NGA_4_O,0.9590,0.8359,0.0000
180,GRHL1_DBD_TCCAAC20NTA_3_Q,0.7350,0.6087,0.0000
181,GRHL1_FL_TGGACA20NCAT_3_W,0.9070,0.7700,0.0000
182,GSC2_DBD_TTAGAA20NTA_3_AF,0.5330,0.5185,0.0000
183,GSC_FL_TGGGAC20NGA_3_AE,0.5990,0.5496,0.0000
184,GSX1_DBD_TCACAC20NCG_4_Y,0.7180,0.6039,0.0000
185,GSX2_DBD_TCCAAC20NCG_3_Y,0.8180,0.6774,0.0000
186,HES5_DBD_TCCACG20NCG_4_Y,0.8670,0.7341,0.0000
187,HES7_DBD_AATTC14N_4_U,0.5500,0.5133,0.0000
188,HESX1_DBD_TCTTCT20NCTG_3_Z,0.6750,0.5637,0.0000
189,HEY1_DBD_TGAAAC20NGA_3_Y,0.5480,0.5181,0.0000
190,HEY2_DBD_TCGATC20NGA_4_Y,0.5090,0.5059,0.0000
191,HEY2_FL_TCTCAA20NGA_4_AF,0.4990,0.5096,0.0000
192,Hic1_DBD_TCATCA20NCTA_4_Z,0.6380,0.5569,0.0000
193,HIC2_DBD_TGAGCA20NGA_4_AC,0.6000,0.5494,0.0000
194,HINFP1_FL_TCAAGG20NGAA_3_W,0.6110,0.5267,0.0000
195,HINFP1_FL_TCAAGG20NGAA_4_W,0.9660,0.8022,0.0000
196,Hlf_DBD_TCAATT20NTA_3_P,0.8300,0.6872,0.0000
197,HLF_FL_TAGCCT20NCG_3_AD,0.5930,0.5492,0.0000
198,HMBOX1_DBD_TCCTGG20NCG_4_Z,0.5920,0.5103,0.0000
199,HMX1_DBD_TCGCCA20NCCT_4_Z,0.6270,0.5600,0.0000
200,HMX2_DBD_TAGTGG20NCG_4_Y,0.7790,0.6699,0.0000
201,HMX3_DBD_TGCACT30NCAC_3_AI,0.6260,0.5679,0.0000
202,HNF1A_FL_TGAGCA20NCGA_2_W,0.9610,0.8597,0.0000
203,HNF1B_FL_TCGACT20NCAT_2_W,0.8680,0.7175,0.0000
204,Hnf4a_DBD_TCCACG20NCG_4_Z,0.9410,0.8209,0.0000
205,HNF4A_DBD_TGACAG20NGA_4_AF,0.7080,0.5793,0.0000
206,HNF4A_FL_TCCGTG40NTGC_3_AI,0.9680,0.9231,0.0000
207,HOMEZ_DBD_TCGATC20NTAT_4_Y,0.8520,0.6420,0.0000
208,HOXA10_DBD_TAGGAT30NAGT_4_AI,0.7070,0.5960,0.0000
209,Hoxa11_DBD_TCCCCT20NCG_4_Z,0.7760,0.6436,0.0000
210,HOXA13_DBD_TTCTCT20NTA_3_AF,0.5740,0.5283,0.0000
211,HOXA13_FL_TGTGGA20NGGG_4_AE,0.5320,0.5119,0.0000
212,HOXA1_DBD_TGGAAT20NAAT_3_AF,0.6250,0.5677,0.0000
213,Hoxa2_DBD_TACCGT20NCG_3_Z,0.9030,0.7901,0.0000
214,HOXA2_DBD_TTATTA20NTA_3_AF,0.6260,0.5749,0.0000
215,HOXB13_DBD_TGCCTG20NGA_3_Y,0.7600,0.6451,0.0000
216,HOXB2_DBD_TAACAA20NACA_2_Y,0.6720,0.6067,0.0000
217,HOXB3_DBD_TACATT20NTAC_3_Y,0.6960,0.6016,0.0000
218,HOXB5_DBD_TCTTGA20NGTG_3_Z,0.5090,0.5213,0.0000
219,Hoxc10_DBD_TATAGA20NGAG_4_Z,0.6260,0.5409,0.0000
220,HOXC10_DBD_TGGACA20NGA_3_Y,0.8490,0.7027,0.0000
221,HOXC11_DBD_TCACTA20NTCA_4_AC,0.6850,0.5794,0.0000
222,HOXC11_FL_TGCGAA20NGA_4_AF,0.6030,0.5392,0.0000
223,HOXC12_DBD_TCATGC20NGTA_4_Y,0.8130,0.6531,0.0000
224,HOXC13_DBD_TCCCTC20NTCC_3_Y,0.6440,0.5698,0.0000
225,HOXD11_DBD_TCCGGC20NGGC_4_Y,0.5670,0.5335,0.0000
226,HOXD12_DBD_TCAGTC20NCG_4_Y,0.8990,0.7673,0.0000
227,HOXD13_DBD_GTGCT14N_4_U,0.6030,0.5509,0.0000
228,Hoxd13_DBD_TGATAA20NATA_4_AC,0.6800,0.6067,0.0000
229,Hoxd3_DBD_TGCCAT20NCG_4_P,0.6640,0.5447,0.0000
230,HOXD8_DBD_TCATAT20NATA_4_Y,0.7270,0.5659,0.0000
231,Hoxd9_DBD_TCCTAA20NCG_4_Z,0.5710,0.5261,0.0000
232,HSF1_DBD_TATAGA20NGAG_3_Y,0.9790,0.9173,0.0000
233,HSF1_FL_TACCAC20NACC_3_AA,0.5590,0.5189,0.0000
234,HSF2_DBD_TGGGGT20NCG_3_V,0.6700,0.5625,0.0000
235,HSF4_DBD_TATCAT20NACG_3_Y,0.9910,0.9525,0.0000
236,HSFY2_DBD_TCAGAG20NAGA_3_Y,0.8230,0.6741,0.0000
237,ID4_DBD_CTACA14N_4_U,0.5420,0.5051,0.0000
238,IRF3_FL_TCCTAA40NATC_3_AI,0.8460,0.6817,0.0000
239,IRF4_FL_TCAAGG20NCG_3_AD,0.9230,0.7946,0.0000
240,IRF5_FL_TAACAA20NCG_3_AD,0.5390,0.5190,0.0000
241,IRF7_DBD_TATCGC20NGCG_3_AC,0.8020,0.6072,0.0000
242,IRF8_DBD_TGGCGG20NGCT_3_Z,0.9750,0.8791,0.0000
243,IRF8_FL_TCCCCT20NCCC_4_AE,0.6260,0.5390,0.0000
244,IRF9_FL_TATGTT20NTGG_3_W,0.6240,0.5347,0.0000
245,IRX2_DBD_TGCATC30NTAC_4_AI,0.8150,0.6477,0.0000
246,Irx3_DBD_TACTGC20NCG_4_Z,0.7180,0.5710,0.0000
247,IRX5_DBD_TAAGGT20NTA_3_Q,0.6400,0.5394,0.0000
248,ISL2_DBD_TCTAAT30NAAG_4_AI,0.7730,0.6311,0.0000
249,ISX_DBD_TATTTA20NCG_2_Y,0.9090,0.8139,0.0000
250,ISX_DBD_TATTTA20NCG_3_Y,0.9830,0.9418,0.0000
251,ISX_FL_TGAGTG20NTGA_2_AE,0.6010,0.5450,0.0000
252,Jdp2_DBD_TATCTG20NCG_3_Z,0.8360,0.6918,0.0000
253,JDP2_DBD_TCCTTT20NTTC_4_AC,0.6790,0.5851,0.0000
254,JDP2_FL_TGTTCA20NGA_3_AE,0.6650,0.5749,0.0000
255,Klf12_DBD_TGATGG20NGA_4_Z,0.6620,0.6285,0.0000
256,KLF13_FL_TGGACA20NGA_4_AE,0.9390,0.8030,0.0000
257,KLF14_DBD_TTGGGA20NTA_3_AF,0.6290,0.5693,0.0000
258,KLF16_DBD_TTGATT20NTA_4_AF,0.5900,0.5164,0.0000
259,LBX2_DBD_TAATTC20NTTA_2_Y,0.5820,0.5501,0.0000
260,LBX2_DBD_TAATTC20NTTA_4_Y,0.8960,0.7707,0.0000
261,LEF1_DBD_TCCCGA20NGCC_4_AC,0.6080,0.5430,0.0000
262,LHX2_DBD_TCCAGT30NGAC_4_AI,0.8800,0.7475,0.0000
263,Lhx4_DBD_TAAATG20NTAA_3_Z,0.5480,0.5160,0.0000
264,LHX6_FL_TCGGGG20NGGT_4_AF,0.5840,0.5497,0.0000
265,Lhx8_DBD_TGCTCG40NCTC_3_AI,0.9000,0.7986,0.0000
266,LHX9_DBD_TATTGT20NGTG_2_Y,0.5260,0.5091,0.0000
267,LHX9_DBD_TATTGT20NGTG_3_Y,0.6610,0.5695,0.0000
268,LMX1A_DBD_TCTGGT20NGGG_3_Z,0.7110,0.5885,0.0000
269,LMX1B_DBD_TGAGGC20NGGA_2_Z,0.6580,0.5658,0.0000
270,LMX1B_FL_TCGGAA20NAGT_3_AE,0.5680,0.5017,0.0000
271,Mafb_DBD_TCGTTA20NTTT_3_AA,0.7100,0.5824,0.0000
272,Mafb_DBD_TCGTTA20NTTT_4_AA,0.8880,0.7329,0.0000
273,MAFF_DBD_TGGAAT20NAAT_4_Z,0.5730,0.5137,0.0000
274,MAFG_FL_TGTAAA40NAAG_3_AI,0.8020,0.6669,0.0000
275,MAFK_DBD_TGCCTG30NTCC_2_AI,0.6600,0.5748,0.0000
276,MAFK_FL_TTAAAG20NTA_3_AE,0.6630,0.5701,0.0000
277,MAX_DBD_TGACCT20NGA_2_Y,0.6520,0.5879,0.0000
278,MAX_DBD_TGACCT20NGA_3_Y,0.9080,0.7966,0.0000
279,MEF2A_DBD_TAATAG20NTA_3_Q,0.5140,0.5082,0.0000
280,MEF2B_FL_TCGTAC20NATT_4_AE,0.6370,0.5441,0.0000
281,MEF2D_DBD_TGCGTT20NGA_3_Y,0.8210,0.6787,0.0000
282,MEIS1_DBD_TGACCT20NGA_6_O,0.9190,0.8147,0.0000
283,Meis2_DBD_TCAAAA20NTA_3_P,0.7160,0.6097,0.0000
284,MEIS2_DBD_TCGCTG20NGA_3_AA,0.5770,0.5345,0.0000
285,MEIS2_DBD_TCGCTG20NGA_4_AA,0.6320,0.5525,0.0000
286,Meis3_DBD_TGGACA20NGA_2_AF,0.5180,0.5204,0.0000
287,Meis3_DBD_TGGACA20NGA_3_AF,0.8040,0.6598,0.0000
288,MEIS3_DBD_TGGGTA20NGA_2_Y,0.7850,0.6722,0.0000
289,MEOX1_FL_TACCTA20NCG_4_W,0.5810,0.5482,0.0000
290,Meox2_DBD_TACGTC20NTGC_4_Z,0.6550,0.5687,0.0000
291,MEOX2_DBD_TAGTTT30NTTT_3_AI,0.7740,0.6835,0.0000
292,MEOX2_DBD_TAGTTT30NTTT_4_AI,0.9070,0.8086,0.0000
293,MESP1_DBD_TACCCG20NCG_3_Y,0.5250,0.5192,0.0000
294,MGA_DBD_TAGGGC20NGGT_3_Y,0.9800,0.9144,0.0000
295,MIXL1_FL_TGATTT20NTTA_3_AE,0.8170,0.6954,0.0000
296,MLXIPL_FL_TGTAAA20NAAG_3_AE,0.5350,0.5092,0.0000
297,Mlx_DBD_CCTGG14N_3_T,0.9730,0.9058,0.0000
298,MLX_FL_CATAT14N_4_S,0.5680,0.5285,0.0000
299,MNT_DBD_TCTTCT20NGA_3_Y,0.5130,0.5103,0.0000
300,MNX1_DBD_TGGTGA20NGTT_4_Z,0.5120,0.5231,0.0000
301,MSC_FL_TAGTCC20NCTT_4_AA,0.5000,0.4997,0.0000
302,MSX1_DBD_TGCGAA30NAGC_3_AI,0.6980,0.5845,0.0000
303,MSX1_FL_TGCTTA20NGA_3_AE,0.5360,0.5262,0.0000
304,MSX2_DBD_TGCGGG20NGA_3_W,0.5760,0.5290,0.0000
305,Msx3_DBD_TCGACT20NCAT_3_AA,0.7610,0.6246,0.0000
306,MTF1_DBD_TGATCC20NCTA_4_Y,0.5380,0.4986,0.0000
307,MYBL1_DBD_TTGCGT20NTA_4_AF,0.9310,0.8036,0.0000
308,MYBL2_DBD_TGAGTG20NGA_3_AC,0.8800,0.7379,0.0000
309,MYF6_FL_TGACTC20NTCA_4_AF,0.5610,0.5190,0.0000
310,NEUROD2_FL_TGACCT20NGA_4_AE,0.5470,0.5107,0.0000
311,NEUROG2_DBD_TCGCTG20NTCT_3_Z,0.6040,0.5437,0.0000
312,NEUROG2_FL_TGGCGG20NGA_4_AE,0.5460,0.5060,0.0000
313,NFAT5_DBD_TGATAA20NGA_3_AA,0.9720,0.9063,0.0000
314,NFATC1_FL_TTCGTA20NTGC_4_AE,0.9190,0.7035,0.0000
315,NFE2_DBD_TGTAGG20NGA_4_AC,0.7980,0.6631,0.0000
316,NFIA_FL_TACGTC20NTGC_3_AA,0.9360,0.8105,0.0000
317,NFIB_FL_TCATCA20NCG_3_AD,0.9740,0.8713,0.0000
318,NFIL3_DBD_TAGACG20NCG_2_Y,0.6970,0.6243,0.0000
319,NFIX_FL_TCAACC20NCG_3_AC,0.9710,0.8989,0.0000
320,NFKB1_DBD_TCTCAA20NGA_3_AA,0.7770,0.6338,0.0000
321,NFKB2_DBD_TTCAAT20NGA_3_R,0.9500,0.8004,0.0000
322,NHLH1_DBD_TGGGCG20NGA_4_W,0.6040,0.5191,0.0000
323,NHLH1_FL_TGATGG20NGTA_4_W,0.7220,0.5910,0.0000
324,NKX2-3_DBD_TGCTAC20NGA_4_Y,0.5810,0.5452,0.0000
325,NKX2-3_FL_TGGAAT20NGA_4_AE,0.7190,0.6308,0.0000
326,NKX2-8_DBD_TAGGCA20NCG_4_Y,0.9100,0.8388,0.0000
327,NKX2-8_FL_TGTTGC20NGTG_4_AE,0.7350,0.6630,0.0000
328,Nkx3-1_DBD_TCTTAG20NATG_4_AA,0.7730,0.6822,0.0000
329,NKX3-1_FL_TCCCTC20NCG_3_AD,0.5660,0.5464,0.0000
330,NKX3-2_DBD_TCCAGT20NGAC_3_Y,0.7240,0.6486,0.0000
331,Nkx6-1_DBD_TCGTGT20NGTT_2_AC,0.5620,0.5286,0.0000
332,NKX6-1_DBD_TGCGGG30NGGC_3_AI,0.8470,0.7337,0.0000
333,NKX6-1_FL_TGAAAC20NAAA_4_W,0.5770,0.5228,0.0000
334,NKX6-2_DBD_TTACAT20NTA_3_AF,0.8380,0.7271,0.0000
335,NKX6-2_FL_TGGCAA20NGA_3_AE,0.7200,0.6137,0.0000
336,NOTO_DBD_TGCGTT30NTGC_4_AI,0.7300,0.6108,0.0000
337,NR2C2_DBD_TCGACT20NCAT_3_Z,0.8670,0.7303,0.0000
338,Nr2e1_DBD_TCGCGC20NGCT_4_AA,0.5910,0.5410,0.0000
339,NR2E1_FL_TAACAA20NACA_4_W,0.5970,0.5426,0.0000
340,NR2F1_DBD_TCTGAC30NAGG_4_AI,0.9000,0.7953,0.0000
341,NR2F1_FL_TCTGAC20NGA_4_AE,0.8980,0.7567,0.0000
342,Nr2f6_DBD_TAGTTT20NCG_4_Z,0.9230,0.7869,0.0000
343,NR2F6_DBD_TGTGGA20NGA_3_Y,0.9180,0.7277,0.0000
344,NR2F6_FL_TCTTGA20NGA_3_AE,0.9610,0.8298,0.0000
345,NR3C1_DBD_TGACGA20NGCA_4_AG,0.7570,0.6741,0.0000
346,NR3C2_DBD_TCAGAG20NAGA_4_AC,0.9930,0.9730,0.0000
347,NR4A2_FL_TCATTG20NTTA_4_W,0.7150,0.6029,0.0000
348,NRF1_FL_TAGCGA20NCG_2_AC,0.5680,0.5100,0.0000
349,NRL_DBD_TGGAGC20NGA_4_O,0.7190,0.6299,0.0000
350,OLIG1_DBD_TGCCTG20NTCC_3_Z,0.7330,0.6551,0.0000
351,OLIG2_DBD_TCTTTC20NGA_3_Y,0.6370,0.5857,0.0000
352,OLIG2_FL_TGCGCC20NGA_4_AE,0.5640,0.5375,0.0000
353,OLIG3_DBD_TGTCCG20NGA_3_Y,0.6420,0.5812,0.0000
354,ONECUT1_DBD_TAGCTC20NTCT_3_Y,0.9550,0.8581,0.0000
355,ONECUT1_FL_TCGCAT20NGA_3_AE,0.7830,0.6531,0.0000
356,ONECUT2_DBD_TGGGCG30NCGT_2_AH,0.5800,0.5190,0.0000
357,ONECUT3_DBD_TAGAAC20NAAT_3_Y,0.8880,0.7579,0.0000
358,Otx1_DBD_TCTTAG20NATG_3_AC,0.5170,0.5288,0.0000
359,OTX1_DBD_TGATAA20NGA_3_Y,0.8940,0.7716,0.0000
360,OTX2_DBD_TATGGG20NGGG_4_AC,0.8680,0.7651,0.0000
361,PAX1_DBD_TAACTT20NTCA_4_Y,0.8510,0.7053,0.0000
362,PAX2_DBD_TCCACG20NCAC_3_Y,0.9920,0.9656,0.0000
363,PAX3_DBD_TTCTCT20NCTC_2_AF,0.5680,0.5239,0.0000
364,PAX4_DBD_TATTTA20NTTG_4_Y,0.6480,0.5698,0.0000
365,PAX4_FL_TCGCAT20NACT_4_W,0.5650,0.5213,0.0000
366,PAX5_DBD_TACAGG20NGAC_3_Y,0.9710,0.9238,0.0000
367,PAX6_DBD_TCCATA20NTAC_4_Y,0.7680,0.6502,0.0000
368,PAX7_DBD_TCCAAC20NAAC_2_Y,0.5930,0.5355,0.0000
369,PAX7_FL_TAGGGC20NGGT_3_AE,0.5090,0.5107,0.0000
370,PAX9_DBD_TCTAAT20NAAG_4_AG,0.7990,0.5706,0.0000
371,PDX1_DBD_TGGAAT30NAAT_3_AI,0.6620,0.5791,0.0000
372,PHOX2A_DBD_TGACTC20NGA_3_Y,0.9590,0.9013,0.0000
373,PHOX2B_DBD_TGGTCT20NGA_3_Y,0.9660,0.9210,0.0000
374,PHOX2B_FL_TGCTGT20NGA_3_AE,0.9570,0.8922,0.0000
375,PITX1_DBD_TCATGC20NCG_3_Y,0.6880,0.6188,0.0000
376,PITX1_FL_TCTCTT20NTCG_2_W,0.5770,0.5376,0.0000
377,PITX1_FL_TGAGCA20NCGA_3_AF,0.7420,0.6403,0.0000
378,PITX3_DBD_TGCATC20NGA_2_Y,0.6550,0.5990,0.0000
379,PKNOX1_DBD_TCGCAT20NGA_3_Y,0.8780,0.6974,0.0000
380,Pknox2_DBD_TGCTCG20NCG_4_Q,0.7290,0.5963,0.0000
381,PKNOX2_DBD_TGTATT20NGA_3_Y,0.5330,0.5136,0.0000
382,POU1F1_DBD_TACACC40NCAC_3_AI,0.8350,0.7016,0.0000
383,POU2F1_DBD_TCTTTC20NGA_2_AC,0.8100,0.6451,0.0000
384,Pou2f2_DBD_TAGATA20NTAT_3_Z,0.7610,0.6061,0.0000
385,POU2F2_DBD_TGACAG20NGA_2_AC,0.7180,0.5786,0.0000
386,POU2F3_DBD_TAGACG20NCAT_2_Y,0.8850,0.7173,0.0000
387,POU3F1_DBD_TAGCGA20NGCT_2_Y,0.7310,0.5735,0.0000
388,POU3F2_DBD_TGTTCA40NCTG_3_AI,0.5700,0.5196,0.0000
389,POU3F3_DBD_TCGCAT20NACT_4_Y,0.8530,0.6622,0.0000
390,POU3F4_DBD_TACTGC20NGTC_3_Y,0.9040,0.6988,0.0000
391,POU4F1_DBD_TACAAA20NAAC_3_Y,0.8660,0.7273,0.0000
392,POU4F2_DBD_TACGAG20NAGC_3_Y,0.8250,0.6723,0.0000
393,POU4F2_FL_TGCGAA20NAGC_3_W,0.6460,0.5600,0.0000
394,POU4F3_DBD_TACCGT20NGCC_3_Y,0.8950,0.7402,0.0000
395,POU5F1P1_DBD_TAGAGT20NGAT_2_Y,0.8070,0.6485,0.0000
396,POU5F1P1_DBD_TAGAGT20NGAT_3_Y,0.9390,0.8101,0.0000
397,POU6F2_DBD_TGCTGT20NCG_3_V,0.6430,0.5390,0.0000
398,POU6F2_FL_TATCAT20NCG_4_AC,0.6380,0.5367,0.0000
399,PRDM1_FL_TTGAGG20NGAT_2_AE,0.5260,0.5080,0.0000
400,PRDM4_FL_TAGCAG20NCG_4_AC,0.8510,0.7269,0.0000
401,PROP1_DBD_TCCCGA30NGCC_4_AI,0.7590,0.6450,0.0000
402,PROP1_FL_TGTATT20NGA_3_AE,0.7120,0.6008,0.0000
403,PROX1_DBD_TGCAGA20NGA_4_AF,0.5930,0.5396,0.0000
404,PRRX1_DBD_TAACGG20NGCA_2_AC,0.7240,0.6175,0.0000
405,PRRX1_FL_TTCCCC20NTA_2_AD,0.5920,0.5419,0.0000
406,Prrx2_DBD_TATGAA20NAGG_3_Z,0.5720,0.5224,0.0000
407,PRRX2_FL_TGGGGT20NGA_2_AE,0.5770,0.5342,0.0000
408,RARA_DBD_TAAAAT20NTA_3_Q,0.5580,0.5218,0.0000
409,Rara_DBD_TCGGTT20NCG_4_P,0.6400,0.5179,0.0000
410,RARA_FL_TATAGA20NCG_3_AD,0.6130,0.5365,0.0000
411,Rarb_DBD_TCGTGT20NCG_4_P,0.7230,0.5498,0.0000
412,RARB_FL_TAGTTT20NTTT_4_W,0.5620,0.5014,0.0000
413,Rarg_DBD_TATCTG20NTCG_4_Z,0.9510,0.8069,0.0000
414,RARG_DBD_TGTTAT20NGA_3_Y,0.9570,0.8198,0.0000
415,RARG_FL_TCGGGG20NGA_3_AE,0.5760,0.5378,0.0000
416,RAXL1_DBD_TACTCA20NTA_2_Q,0.7540,0.6433,0.0000
417,RAX_DBD_TGGTAG20NATT_3_Z,0.5640,0.5354,0.0000
418,RFX2_DBD_TAACCC20NCCA_3_Y,0.9610,0.8729,0.0000
419,Rfx2_DBD_TGGTAG20NATT_3_AC,0.8320,0.7126,0.0000
420,RFX3_DBD_TGGCTT20NGA_3_AC,0.8640,0.7406,0.0000
421,Rfx3_DBD_TGGGTA20NCG_3_P,0.6420,0.5164,0.0000
422,RFX4_DBD_TGACAG20NGA_3_O,0.9950,0.9125,0.0000
423,RFX5_DBD_TGGAGC30NGAT_2_AI,0.5610,0.5032,0.0000
424,Rhox11_DBD_TGGCCC20NCG_4_P,0.7080,0.6037,0.0000
425,RHOXF1_DBD_TGGATG30NTAT_3_AI,0.7070,0.6489,0.0000
426,RHOXF1_DBD_TGGATG30NTAT_4_AI,0.7730,0.7000,0.0000
427,RHOXF1_FL_TTAGAA20NTA_4_AE,0.6670,0.6100,0.0000
428,RORA_DBD_TCTGTA30NTGG_4_AI,0.6090,0.5428,0.0000
429,RUNX2_DBD_TACCTA40NTCC_4_AI,0.6060,0.5605,0.0000
430,RUNX3_DBD_TACGGA30NGGC_3_AI,0.6550,0.5762,0.0000
431,RUNX3_FL_TCTCCC20NGA_4_AE,0.6090,0.5503,0.0000
432,Rxra_DBD_AAGAC14N_4_T,0.8940,0.6920,0.0000
433,RXRA_DBD_TCACGT30NGCA_3_AH,0.7740,0.6628,0.0000
434,RXRA_FL_TCTACA40NCAG_3_AI,0.9250,0.8151,0.0000
435,Rxrb_DBD_CAATT14N_4_T,0.5170,0.5037,0.0000
436,RXRB_DBD_TGAGCA20NGA_3_Y,0.7200,0.5897,0.0000
437,RXRG_DBD_TGGAAT20NGA_3_Y,0.9950,0.9563,0.0000
438,RXRG_FL_TTCTCT20NTA_4_AD,0.7570,0.6135,0.0000
439,SCRT1_DBD_TCTTAG20NATG_4_Y,0.7080,0.6052,0.0000
440,SCRT2_DBD_TGGGCG20NCGT_3_Y,0.6000,0.5477,0.0000
441,SHOX2_DBD_TACGTC20NTGC_2_Y,0.6950,0.5754,0.0000
442,Shox2_DBD_TCCCAG20NACC_2_Z,0.9430,0.8271,0.0000
443,SHOX_DBD_TAAGGT20NGGA_2_AC,0.7000,0.5867,0.0000
444,SMAD3_DBD_TGGGTA20NGA_3_AC,0.6490,0.5627,0.0000
445,SNAI2_DBD_TCGTTA20NGA_6_O,0.8440,0.7676,0.0000
446,Sox10_DBD_TGCTGT20NCG_4_P,0.7500,0.5257,0.0000
447,SOX10_FL_TGATTT20NTTA_4_AF,0.7070,0.5247,0.0000
448,Sox11_DBD_TCTTCT20NGA_3_AF,0.5200,0.5042,0.0000
449,SOX14_DBD_TACCTA30NTCC_4_AH,0.5910,0.5104,0.0000
450,SOX15_FL_TGTTCA20NCTG_4_AF,0.5510,0.5058,0.0000
451,Sox17_DBD_TATTGT20NGTG_3_AF,0.5620,0.5126,0.0000
452,SOX18_FL_TGTGTC20NTGG_4_AE,0.6280,0.5321,0.0000
453,Sox1_DBD_TGTCTA20NTCG_4_AC,0.5890,0.5163,0.0000
454,SOX21_DBD_TCAAAA40NAAA_4_AI,0.7610,0.5941,0.0000
455,SOX2_DBD_TAGTAA20NATT_4_AC,0.7600,0.5546,0.0000
456,SOX2_DBD_TCCCCT20NCCC_4_AC,0.6050,0.5117,0.0000
457,SOX2_FL_TGAATA20NTAA_4_AF,0.6520,0.5427,0.0000
458,Sox3_DBD_TGGGGT20NCG_4_Q,0.8310,0.6031,0.0000
459,SOX4_DBD_TATCGC30NGCG_4_AH,0.5500,0.5039,0.0000
460,SOX7_FL_TGAGGC20NGGA_3_AF,0.5760,0.5218,0.0000
461,SOX8_DBD_TCTTTC30NTTG_4_AI,0.6390,0.5325,0.0000
462,SOX8_FL_TGTCTA20NTCG_4_AE,0.5340,0.5105,0.0000
463,SOX9_DBD_TCTCAA20NGA_4_O,0.7970,0.6961,0.0000
464,SOX9_FL_TGGGGT20NGGT_3_W,0.7050,0.5250,0.0000
465,SP1_DBD_TCTATG20NGA_4_O,0.9290,0.8214,0.0000
466,SP3_DBD_TCGGCC20NGA_6_O,0.8740,0.6625,0.0000
467,SP4_FL_TTATGT20NGTA_4_AE,0.5850,0.5456,0.0000
468,SP8_DBD_TGCTCG20NCTC_4_Y,0.5780,0.5078,0.0000
469,SPDEF_DBD_TCGCTG20NTCT_4_AD,0.6910,0.5603,0.0000
470,SPDEF_FL_TCATTG20NCG_3_AD,0.6380,0.5706,0.0000
471,SPI1_FL_TCCCCT20NCG_3_AD,0.5640,0.5315,0.0000
472,SPIB_DBD_TGTCTA20NTCG_2_AK,0.7500,0.6424,0.0000
473,Spic_DBD_TATAGA20NCG_4_Z,0.5540,0.5139,0.0000
474,SPIC_FL_TAGGCA20NCG_4_AD,0.5440,0.5049,0.0000
475,Srebf1_DBD_TACATT20NCG_3_Z,0.5530,0.5246,0.0000
476,SREBF2_DBD_TGAGAT20NGA_3_Y,0.7680,0.6192,0.0000
477,SRF_DBD_TGAACG20NGA_4_Y,0.6250,0.5605,0.0000
478,SRF_FL_TGGAAT20NAAT_3_W,0.5580,0.5235,0.0000
479,SRY_DBD_TACTGC30NGTC_3_AH,0.5680,0.5195,0.0000
480,SRY_DBD_TACTGC30NGTC_4_AH,0.6960,0.5830,0.0000
481,TBR1_DBD_TCACAC20NACA_3_Z,0.9090,0.7946,0.0000
482,TBR1_FL_TTGCAC20NACT_4_AE,0.5580,0.5237,0.0000
483,TBX15_DBD_TACGTC40NTGC_4_AI,0.6880,0.5869,0.0000
484,TBX19_DBD_TACTAT40NATC_3_AI,0.9390,0.8645,0.0000
485,TBX1_DBD_TACGGA40NGGC_4_AI,0.8620,0.7249,0.0000
486,TBX20_DBD_TACTCA40NCTC_3_AI,0.8370,0.7405,0.0000
487,TBX20_FL_TCTTCT20NCTG_4_AE,0.5710,0.5137,0.0000
488,TBX21_DBD_TACTGC40NGTC_3_AI,0.9460,0.9018,0.0000
489,TBX21_FL_TGGTCT20NCTT_3_AD,0.6460,0.5869,0.0000
490,TBX21_FL_TGGTCT20NCTT_4_AD,0.9180,0.8078,0.0000
491,TBX2_FL_TCTATG20NTAG_4_AF,0.6750,0.6206,0.0000
492,TBX4_DBD_TACTTG40NTTC_3_AI,0.7260,0.6738,0.0000
493,TBX5_DBD_TAGAAC40NAAT_3_AI,0.5540,0.5417,0.0000
494,Tcf21_DBD_TCCGTG20NTGC_4_Z,0.5390,0.4987,0.0000
495,TCF3_DBD_TACCCG20NCCC_2_Y,0.6740,0.6010,0.0000
496,TCF4_DBD_TGCGAA20NGA_2_W,0.7900,0.7038,0.0000
497,TCF4_FL_TTGCCG20NCCT_2_AE,0.5300,0.5026,0.0000
498,TCF7L1_FL_TGGACA20NCAT_4_AD,0.5400,0.5009,0.0000
499,Tcf7_DBD_TATATC20NCG_4_AC,0.6940,0.5075,0.0000
500,Tcfap2a_DBD_TGATCC20NCG_3_P,0.8650,0.6719,0.0000
501,TEAD1_FL_TCTTAG20NATG_4_W,0.5830,0.5568,0.0000
502,TEAD3_DBD_TATAAG40NAAG_3_AI,0.9210,0.8554,0.0000
503,TEAD4_DBD_TGATTT20NTTA_4_Y,0.6500,0.5980,0.0000
504,TEF_DBD_TATAAG20NTA_3_Q,0.8760,0.7503,0.0000
505,TEF_FL_AGGTG14N_3_S,0.9640,0.8892,0.0000
506,TFAP2A_DBD_TTGCAC20NTA_3_AF,0.6330,0.5490,0.0000
507,TFAP2B_DBD_TCGTTA20NTTT_4_Y,0.9640,0.8330,0.0000
508,TFAP2C_DBD_TCTACA20NCAG_3_Y,0.9650,0.8536,0.0000
509,TFAP2C_FL_TGTCGT20NGCG_3_AE,0.6850,0.5653,0.0000
510,TFAP4_DBD_TCACGT20NGCA_2_AC,0.5680,0.5479,0.0000
511,TFAP4_FL_CATTG14N_3_S,0.8580,0.7564,0.0000
512,TFCP2_FL_TAGATA20NCG_4_AD,0.7030,0.5991,0.0000
513,TFE3_DBD_TACCGT20NTA_2_Q,0.5960,0.5472,0.0000
514,TFEB_FL_TAGTTT20NCG_2_W,0.8230,0.6989,0.0000
515,TFEC_DBD_TAGTGG20NGTT_4_AF,0.5210,0.5061,0.0000
516,TGIF1_DBD_TATGGG20NGGG_4_Y,0.7760,0.6295,0.0000
517,TGIF2LX_FL_TGATAA20NATA_4_AE,0.5740,0.5285,0.0000
518,TGIF2_DBD_TGAACG30NCAA_3_AI,0.8390,0.6516,0.0000
519,THRA_FL_TCGGCC40NCGT_4_AI,0.7430,0.6257,0.0000
520,THRB_DBD_TGGCAA30NACT_4_AI,0.9580,0.6195,0.0000
521,Tp53_DBD_TCGGGG20NGGT_4_AK,0.7150,0.6132,0.0000
522,TP63_DBD_TTCCTT20NGA_3_R,0.7220,0.6139,0.0000
523,Tp73_DBD_TACCGT40NGCC_4_AK,0.9960,0.9925,0.0000
524,T_FL_TGGGCG20NCGT_3_W,0.8910,0.7631,0.0000
525,UNCX_DBD_TGCAAG20NGA_2_AF,0.8960,0.7742,0.0000
526,Uncx_DBD_TGGAGC20NCG_2_P,0.7890,0.6137,0.0000
527,USF1_DBD_TGACGA20NGCA_2_Z,0.7920,0.6700,0.0000
528,VAX1_DBD_TGCCAT20NACC_2_Z,0.7430,0.6394,0.0000
529,VAX2_DBD_TGGTAG20NATT_3_AF,0.8380,0.7210,0.0000
530,Vdr_DBD_TCCGCA20NCG_3_Z,0.5410,0.5227,0.0000
531,VDR_FL_TATTGT20NCG_3_AC,0.9880,0.9525,0.0000
532,VENTX_DBD_TGAAGT30NGAA_4_AI,0.7840,0.6467,0.0000
533,Vsx1_DBD_TGCAGA20NCG_2_P,0.7420,0.6243,0.0000
534,VSX1_DBD_TGGTTC20NTTT_2_Z,0.8540,0.7501,0.0000
535,VSX1_FL_TCGGGG20NGGT_3_AE,0.9520,0.8730,0.0000
536,VSX2_DBD_TCTCCC20NCCG_2_Z,0.8310,0.7274,0.0000
537,XBP1_DBD_TGTTCA20NGA_3_AC,0.6160,0.5600,0.0000
538,YY1_FL_TCCGGC20NCG_3_AC,0.6020,0.5453,0.0000
539,YY2_DBD_TCTTTC20NTTG_4_Y,0.6080,0.5312,0.0000
540,YY2_FL_TGAGCA20NGA_2_AE,0.5630,0.5334,0.0000
541,ZBED1_DBD_TAATAG20NCG_3_W,0.6770,0.5906,0.0000
542,ZBTB49_DBD_TCTAAT20NGA_4_AC,0.6700,0.5170,0.0000
543,ZBTB7A_DBD_TGAATA20NGA_4_W,0.5440,0.4994,0.0000
544,ZBTB7B_FL_TAGCCT20NCG_3_AC,0.6830,0.5955,0.0000
545,ZBTB7C_FL_TCGCCA40NCCT_4_AI,0.6160,0.5622,0.0000
546,Zfp652_DBD_TACGAG20NCG_4_Z,0.7290,0.6470,0.0000
547,Zfp740_DBD_TCAACC20NCG_3_Z,0.7510,0.5717,0.0000
548,ZIC1_FL_TCGACT20NCAT_4_AF,0.7470,0.6041,0.0000
549,Zic3_DBD_TCAAAA20NAAA_3_AF,0.8110,0.6552,0.0000
550,ZIC3_FL_TCACGT20NGCA_3_AE,0.5210,0.4960,0.0000
551,ZIC4_DBD_TGAGGC20NGA_3_AC,0.7750,0.6450,0.0000
552,ZNF143_DBD_TGCAAG20NCG_4_V,0.5500,0.5199,0.0000
553,ZNF232_FL_TATCAT20NACG_4_W,0.5170,0.5110,0.0000
554,ZNF238_DBD_TGGTGA20NGA_3_AC,0.5740,0.5307,0.0000
555,ZNF238_FL_TAGTAA20NATT_3_W,0.9600,0.8859,0.0000
556,ZNF282_DBD_TGCCTG20NGA_4_AC,0.5370,0.5084,0.0000
557,ZNF306_FL_TAGGGC20NGGT_4_AD,0.5780,0.5346,0.0000
558,ZNF410_DBD_TGCACT20NGA_3_AC,0.5820,0.5222,0.0000
559,ZNF435_FL_TATTTA20NTTG_4_W,0.5110,0.5051,0.0000
560,ZNF524_FL_TCTATG40NTAG_5_AI,0.8300,0.6373,0.0000
561,ZNF713_FL_TAGGAT20NAGT_4_AD,0.6520,0.5315,0.0000
562,ZNF740_DBD_TGGTCT20NCTT_4_Y,0.7030,0.5792,0.0000
563,ZNF740_FL_TGTGAG20NGA_4_AE,0.6140,0.5243,0.0000
564,ZNF75A_DBD_CCATA14N_4_V,0.5080,0.5057,0.0000
565,ZNF784_FL_TGCGGG20NGA_3_AE,0.5340,0.5088,0.0000
566,ZSCAN4_FL_TCTTTC20NTTG_3_W,0.6390,0.5495,0.0000
,average,0.7148,0.6288,0.0000
